organizationId,organizationName
cdf1fc82-056a-4605-a541-9a6f0a06c6f1,"Wright, Whitehead and West"
747f4889-b953-41bb-b01a-d219cac55183,Golden-Lynch
761f7865-ddc9-472b-8614-d9d820a60685,"Dunn, Morales and Jackson"
13a8da07-16c1-455e-a059-fa45836bd1e7,"Alvarez, Garrett and Campbell"
e60c6573-cb5a-4a80-ac19-97da39f0a81b,Williams-Shannon
8a3a1df3-def2-47ab-b877-c643d63a46fe,Brown-Jimenez
9f88bc1a-db26-4fc3-bde0-4a20bb196afe,Duncan-Richards
45d8130b-bcf8-46ad-b477-de9b846a95c0,Wilson-Ruiz
513a5d3a-4101-4c29-9b66-0dc91c97d6db,"Lucas, Rivera and Miller"
71bacf67-894f-4734-97f9-5eeb567e8cf7,"Velazquez, Smith and Best"
9c620adc-d1aa-4fbb-baed-d9c1cdd68983,Barrett-Hurley
1b6e5267-99f6-44e3-b328-a84a00575e12,Williams and Sons
daf4f1bb-badd-4bb7-8790-d1ce6c25de29,"Hatfield, Sandoval and Watson"
86890d13-fb4b-4793-a424-a0b6ddf36c55,Craig-Yoder
0953c565-b52f-46c8-be0d-41028a08ffd6,"Jackson, Chavez and Calderon"
9d404d96-faa2-49f2-aec8-84bcebeb2f8a,Leon-Spencer
b76edf50-de3e-49fc-9fdc-9ed4c8700706,"Johnston, Atkinson and Smith"
ab261f6b-d0d1-4b64-a6ac-d2618e32db87,Brown-Zimmerman
035841fb-4554-459c-850c-4f00c865b305,Wade LLC
48c86c2f-8694-4ba3-abb2-27ccddfb0918,Webb-Washington
8822f789-0218-4155-828f-482560ba45c9,Ramos Inc
d951ad8b-0f08-42a3-bd9f-d35b91bbbfd1,Gardner-Ramirez
2827795c-1e0d-4964-9f83-c88909814ef9,"Gould, Cook and Mcmillan"
4dc20702-6018-4aa2-90b8-73c487ba56e0,Howell-Galloway
3fa75f97-a9db-4249-84de-f28451b3861c,Dillon-Lynn
35903be7-ca94-4f6a-b15c-72ecd18f10af,Phillips-Francis
a6b6e92d-4f48-4041-8ce9-6103e6006f28,"Sanchez, Mora and Roberts"
82ba508b-f79d-4608-bb6e-84c81b26b4ff,Snyder Inc
92f66aa8-b8df-4541-a831-9e9c7c3e52d6,"Lozano, Ashley and Moore"
18f736ae-1ef2-4ee4-b4de-765561cacd35,Yoder-Lopez
2b589666-9675-401c-8610-158744c0b2a2,Anderson-Johnson
c9cece3e-bc90-4835-8907-879f9f043002,Ballard PLC
52dabfee-c04d-42e4-993f-f064b1776267,Carr-Pineda
cbf81fc0-8b26-4326-b5c5-ce13879d3d97,"Chaney, Cunningham and Martin"
3cbc6c33-e8b5-4cc8-8378-fb0aedb15629,"Hudson, Bridges and Blair"
2cd9dbf5-a71f-44dc-b0ad-a7df3e6cd752,"Johnson, Silva and King"
d21389f6-9a28-4708-bfa8-bd7e25944ebf,Hale Group
2c28343d-206d-4664-a2ab-57155d03efa5,Hobbs PLC
35970ede-f198-4c8f-a3fb-e97ca30add18,Branch and Sons
2fa76f26-84f8-4b40-922e-6bd1796704c9,Thomas-Lee
8321dfb5-6215-42af-983c-0c5e9965bb5f,"Ryan, Macdonald and Gutierrez"
3214e2f4-2833-46f6-ba05-3b6300ecf282,"Jones, Cabrera and Young"
c54509ed-c739-4566-859d-6643bdbc3fd1,"Brown, Dominguez and Bridges"
71653173-6eb7-4f70-afe2-c1f130bfe78a,Watkins-Shields
716c1788-01c1-4ae1-a632-e25793ade86f,Wade-Giles
af9207ae-4188-4250-934a-25e367f317b6,"Butler, Church and Parks"
2e91b77e-d2f2-475d-808e-96c8cd9285b3,"Nixon, Thomas and Tyler"
ee7203c3-0bc5-4bfa-a014-48a97b37054d,"Lam, Williams and Brown"
58b4060d-3285-47a7-8d5e-67cca9de5f49,"Walsh, King and Walker"
779a16ce-12e2-484a-a743-e04e1b6b8a3b,Cortez-Young
32cf8ed0-a5aa-43f9-b0cc-733a5fe4dbd8,"Harris, White and Gillespie"
3d290401-7c5d-4559-b359-69012bb762f7,Leonard-Conway
2949094a-de83-43cb-bce9-cbfe39ebaefc,"Thompson, Barnes and Hunter"
5e60dd2a-3521-481a-8fc2-5e63cecd87b4,Bailey-Phillips
30b1e0e2-960c-4c85-b35a-4edb9e239ec2,"Duncan, Cook and Larson"
8005f74c-b897-47fa-9cca-7c562685678e,Middleton-Miller
fa4de315-3080-45dc-80bf-18f144ef5416,Mcdonald LLC
33233843-5fb8-47d3-9f38-156995054c50,Wilson Ltd
a64763ac-bb15-41c0-acf3-58c827a3ccd3,"Larson, Fry and Webb"
e9d2f397-d7d7-4cb0-93cd-096d8232c71f,Adkins-Rogers
a6108bf7-a317-4d55-af3c-b7787eda82ec,Rowe Inc
eca43549-ce68-4ecc-a4e2-4badded11dbb,Cook Inc
793b75cf-72d0-4d5e-819a-254a9df0f552,Wilson LLC
e7cbf745-4c19-4720-8891-3d0c9df95a76,Marshall Inc
058186b2-d1c0-4b04-8c49-82ea14a17f97,Taylor Ltd
d0fb18c8-4e6b-4242-b5c9-c311f3c5716c,Tanner-Ibarra
ae5242c1-db47-4d1a-b28e-2ce98c70922c,"Crawford, Snyder and Miller"
f4f86342-b113-4a2f-9598-85d5d5421a17,"Thomas, Olson and Scott"
e0b0d3ca-6a5a-4579-8e61-2b40d4900b50,"Wyatt, Villarreal and Bradley"
c3791b52-89e2-40ee-be02-38918dfad76a,"Mckee, Kim and Palmer"
d29a5348-a4ad-446a-8f5e-c11283181f86,White Group
fde7c2ab-ee8b-4e1d-96fd-ebf6df823b70,"Ruiz, Keller and Mendez"
def97901-64d5-49dc-806f-dae1d6fe8388,"Patel, Morris and James"
cc16de8f-3acb-4e78-ba24-ac25d457dee8,Castillo-Navarro
cb7c991d-4d91-4a49-8565-e92730814eef,Byrd Ltd
8018bdf4-a349-45a7-b8c9-61b4dd6cc8f6,"Cooper, Johnson and Atkinson"
34de4bdf-e0bd-428d-a450-46bbe63142c5,Lamb Inc
3dc2194b-baad-4d18-aa60-52f01610f4e3,Chapman-Spencer
37ce2541-bfae-44c6-a8dd-ddcc69915b0e,"Silva, Sullivan and Hill"
76b1df2e-509d-467a-9b2f-07961cd7656b,Boyd-Leach
64a1ab77-6b38-4e3e-ae75-5e24b69053c9,"Houston, Ellis and Taylor"
dc751a7d-89d2-48ed-bc71-974367406769,"Evans, Lawson and Ortega"
6e63cf9c-a8ab-4511-b535-7ca3427ee97d,Wilson and Sons
147ce6c8-b39b-4f74-baa0-6cea0004bb0c,"Mack, Thomas and Hansen"
26fedb75-723b-4583-9b26-dbc3cac23687,"Salazar, Dixon and Carr"
f959fcfa-44d4-4cee-b440-28724394d5bd,Watts-Willis
4d04c826-5e90-46d0-b55d-f20cafb574e9,Thomas-Wells
f3165d33-d46a-4e1c-886c-18bc8adfc48f,"Davila, Walker and Parker"
337f1160-20b4-4280-b791-9e1d092fb758,Tanner-Powell
99539cc0-1762-41fa-a5cf-4f55b3205cc4,Campbell-Henderson
fd2e7f98-5c90-4050-abfa-5724e50b6348,Coleman Group
8ad97b25-f328-47e9-82a0-0b2e7c552d84,Scott-White
0d7bacdc-c630-41cb-bf45-3e2174f38e5a,"Johnson, Cisneros and Salinas"
cf87dbdb-ef4e-4278-9620-9fe62d7554d9,"Francis, Hudson and Koch"
a2497752-d81f-4b3a-bd7e-b1240264e2ff,Hopkins LLC
59bdc041-5ea7-448e-b696-1b61c66ac268,"Peterson, York and Nunez"
7f8d31af-3526-42e9-9255-97a98b4921a7,Huff LLC
7cb61e5f-5ec9-491e-8f4b-df619f382101,Evans-Mueller
fe7b138d-6cc7-4900-aacf-b63f1fdcbd11,Daniels-Howell
5d520a7d-b099-4636-9ffa-b5331c8a8e87,"Shaw, Lowe and Stokes"
